config,kind,model,mode,RMSE,median,p95,mean,max,xRMSE,yRMSE,gated
NLS toa,NLS,-,toa,3.6141,2.0802,2.8843,2.0950,31.8879,2.0021,3.0089,0
NLS aoa,NLS,-,aoa,4.9090,0.4219,8.6577,1.6648,25.6218,1.2141,4.7565,0
NLS joint,NLS,-,joint,2.8419,0.1675,1.8248,0.5993,29.0459,0.8405,2.7148,0
EKF-cp toa,EKF,cp,toa,39.5624,5.0387,88.7036,25.0310,98.0366,3.3975,39.4162,0
EKF-cp aoa,EKF,cp,aoa,1.7202,0.9012,3.7460,1.2256,8.0923,0.5915,1.6152,1
EKF-cp joint,EKF,cp,joint,0.9004,0.1776,1.7631,0.4065,4.4983,0.7332,0.5226,4
EKF-cv toa,EKF,cv,toa,4.9638,4.5570,7.8154,4.3938,7.8818,4.9424,0.4596,0
EKF-cv aoa,EKF,cv,aoa,0.8096,0.6182,1.5259,0.6905,1.9827,0.4455,0.6761,4
EKF-cv joint,EKF,cv,joint,0.4009,0.2538,0.6845,0.3202,1.2301,0.3831,0.1182,4
EKF-ca toa,EKF,ca,toa,5.2938,4.8499,7.6565,4.8221,9.6607,4.5026,2.7840,44
EKF-ca aoa,EKF,ca,aoa,1.1607,0.8068,2.2351,0.9240,3.5519,0.8713,0.7668,12
EKF-ca joint,EKF,ca,joint,1.2201,0.4703,3.0834,0.8025,4.3810,1.1210,0.4817,19
